Barcode,Product Name,Purchased Price,Qty Available,Price
123,TANDUAY RHUM LIGHT 750ML ,107.6,1.0,130.0
123,TANDUAY RHUM LIGHT 750ML ,107.6,1.0,130.0
123,TANDUAY RHUM LIGHT 750ML ,107.6,1.0,130.0
4806528500000,COMETA 350 ML,42.0,21.0,60.0
123,TANDUAY RHUM LIGHT 750ML ,107.6,1.0,130.0
4800016552274,NISSIN CUP NOODLES MINI BULALO 40G,21.2,1.0,26.0
4800016552106,NISSIN CUP NOODLES MINI BEEF 40G,21.2,2.0,26.0
4800016552137,NISSIN CUP NOODLES MINI BATCHOY 40G,21.2,4.0,26.0
480016560927,NISSIN CUP NOODLES MINI SPICY HOT BEEF 45G,21.2,3.0,26.0
748485800738,ARGENTINA BEEF LOAF 150G,19.65,0.0,26.0
748485800431,ARGENTINA CORNDED BEEF 150G,34.6,6.0,40.0
4800066122106,HOLIDAY CARNE NORTE 100G,20.6,6.0,26.0
4800066121109,HOLIDAY BEEF LOAF 100G,17.5,6.0,20.0
4800066121154,HOLIDAY BEEF LOAF 150G,19.6,6.0,25.0
4800066122168,HOLIDAY CORNDED BEEF 150G,34.8,6.0,40.0
4800036707074,NAGOYA SARDINES RED 155G,24.25,6.0,28.0
4806503244080,FAMILY'S SARDINES BONUS GREEN 155G,23.3,6.0,27.0
4806503244097,FAMILY'S SARDINES HOT BONUS 155G,23.65,6.0,28.0
748485100401,CENTRURY TUNA FLAKES IN OIL 155G,35.1,3.0,40.0
748485100418,CENTRURY TUNA FLAKES HOT & SPICY 155G,35.5,3.0,41.0
4806504710126,MEGA SARDINES HOT 155G,23.9,6.0,28.0
4806504710119,MEGA SARDINES GREEN 155G,23.6,6.0,27.0
4806503248019,ATAMI SARDINES 155G GREEN,20.85,3.0,25.0
4800575110151,ALASKA EVAPORATED 154ML,28.75,2.0,36.0
4800575144293,ALASKA CREMA-ASADA 150ML,25.4,2.0,30.0
4800575144910,COWBELL CONDENSADA 374G,41.5,3.0,48.0
4806516761888,JERSEYCONDENSED FILLED MILK 390G,41.6,3.0,47.0
748485400716,ANGEL EVAPORADA LIQUID CREAMER 410ML,31.0,3.0,37.0
4800575140370,ANGEL EVAPORADA 360ML,34.25,3.0,38.0
748485402062,ANGEL ALL PURPOSE CREAMER 250ML TETRA,48.1,3.0,55.0
4800361061322,NESTLE ALL PURPOSE CREAMER 250ML ,66.5,3.0,75.0
4809011225893,SULU ALAMANG HIPON SMALL,28.9,3.0,35.0
4800049720114,NATURE SPRING WATER 500ML,8.75,10.0,15.0
123,TANDUAY RHUM LIGHT 750ML ,107.6,1.0,130.0
4807770270123,LUCKY ME PANCIT CANTON KALAMANSI 60G,11.3,10.0,15.0
4807770271229,LUCKY ME PANCIT CANTON EXTRA HOT & CHILI 60G,11.3,10.0,15.0
4807770270291,LUCKY ME PANCIT CANTON CHILIMANSI 60G,11.3,10.0,15.0
4807770274459,LUCKY ME NDL SHRIMP TONKUT 60G,14.3,5.0,18.0
4800344001949,SILVER SWAN SOY SAUCE 200ML,10.35,10.0,13.0
4800344001963,SILVER SWAN SOY SAUCE 100ML,6.8,10.0,9.0
4800344004964,SILVER SWAN SUKANG PUTI 100ML,5.0,10.0,8.0
4800344004940,SILVER SWAN SUKANG PUTI 200ML,7.3,10.0,10.0
4801958846001,AJI GINISA FLAVOR MIX 16/8G,2.5,16.0,5.0
4804888889025,QUICK CHOW BEEF 55G,7.2,18.0,10.0
4804888889056,QUICK CHOW HOT & SPICY BEEF 55G,8.45,10.0,12.0
4804888889018,QUICK CHOW CHICKEN 55G,7.2,18.0,10.0
4804888889049,QUICK CHOW HOT & SPICY CHICKEN 55G,8.45,10.0,12.0
4800017955906,RAM BREAD CRUMBS 100G,15.25,3.0,19.0
4806014092835,GOOD LIFE BREAD CRUMBS 80G,16.6,3.0,20.0
4800017901507,RAM TOMATO SAUCE 115G SPANISH STYLE,14.6,3.0,18.0
4800017984500,RAM TOMATO SAUCE 115G FILIPINO STYLE,14.6,3.0,18.0
4807770272097,LUCKY ME NOODLES SPICY LABUYO BEEF 55G,9.6,10.0,12.0
123,TANDUAY RHUM LIGHT 750ML ,107.6,1.0,130.0
48025522,MAGI MAGIC SARAP 16/8G,3.884375,48.0,6.0
4806506690921,DOLPHIN BIHON SQ 200G,16.0,6.0,20.0
4800017900203,RAM GREEN PEAS 100G SUP,12.15,3.0,17.0
4800022010287,HUNTS PORK & BEANS DOY PACK 100G,14.0,3.0,19.0
14285003816,MAFRAN BANANA CATSUP POUCH 190G,7.4,6.0,10.0
4800194148191,OISHI SUNDAYS ORANGE MANGO 10/35G,18.4,20.0,23.0
4800361387989,NESTEA ICED TEA HONEY BLEND 6/20G,20.55,24.0,25.0
4800361379557,NESTEA LEMON BLEND ICE TEA 6/20G,19.2,24.0,25.0
7622300858575,TANG DALANDAN 6/19G,19.0,12.0,24.0
7622300858599,TANG CALAMANSI 6/19G,19.0,24.0,24.0
7622300847913,TANG ORANGE 6/19G,19.0,24.0,24.0
7622300637996,TANG GRAPE 6/19G,19.0,24.0,24.0
748485401492,BIRCH TREE FORTIFIED POW MILK 8/33G,8.9,16.0,12.0
748485401621,BIRCH TREE FORTIFIED POW CHOCO 8/29G,9.075,16.0,12.0
8996001440124,ENERGEN VANILLA CEREAL 10/40G,7.685,20.0,10.0
4800361410816,BBI POWDERED MILK 8/33G NBC,10.65625,16.0,15.0
4800361409117,BBI POWDERED CHOCO 8/29G NBC,10.65625,16.0,15.0
4800016012358,GREAT TASTE COFFEE PREMIUM STICKS 36/2.0G,1.563888889,72.0,3.0
4800361339568,NESCAFE CLASSIC 48/1.9G STICKS,2.289583333,96.0,3.0
8996001414309,KOPIKO CAFÃ‰ BLANCA 10/30G,8.24,10.0,12.0
8996001410547,KOPIKO COFFEE BROWN MORE IN 1 10/27.5G,7.115,10.0,12.0
4800361413480,MILO POW CHOCO 12/24G,8.75,24.0,12.0
4800361415347,NESCAFE COFFEE ORIG TWIN PCK 10/51G NBC,12.15,10.0,17.0
4800361413992,NESCAFE CREAMY WHITE TWIN PCK 10/51G NBC,12.15,10.0,17.0
4800361416726,NESCAFE 3N1 CREAMYLATTE TWIN PCK 10/51G,12.15,10.0,17.0
4800017907707,RAM TOMATO PASTE 70G SUP,13.25,6.0,18.0
4800888605078,KNORR SINIGANG NA GABI 12/11G,7.104166667,12.0,9.0
4800888603692,KNORR SIN.SAMPALOK MIX ORIG 12/11G,7.1,12.0,9.0
4800888602732,KNORR CUBES BEEF 12/10G,6.0,12.0,9.0
4800888602725,KNORR CUBES PORK SINGLES 12/10G,6.0,12.0,9.0
4800888602718,KNORR CUBES CHICKEN 12/10G,6.0,12.0,9.0
4801958342008,AJI UMAMI SEASONING YELLOW 8/24G,6.1125,16.0,9.0
4801958341100,AJI UMAMI SEASONING BLUE 18/11G,3.402777778,18.0,5.0
4800016604232,NOVA HOMESTYLE BBQ 78G,33.5,3.0,38.0
4800016663505,NOVA COUNTRY CHEDDAR 78G,33.5,3.0,38.0
4800092113321,REB. HANSEL BUTTER SAND. 10,5.43,10.0,8.0
4800092113253,REB. CHOCO SANDWICH 10,5.46,10.0,8.0
123,TANDUAY RHUM LIGHT 750ML ,107.6,1.0,130.0
123,TANDUAY RHUM LIGHT 750ML ,107.6,1.0,130.0
123,TANDUAY RHUM LIGHT 750ML ,107.6,1.0,130.0
4800092113314,REB. HANSEL MILK SANDWICH 10,5.43,10.0,8.0
4800365101017,SUPER CRUNCH CORN CHIPS GREEN 12,0.975,24.0,1.25
4800365101208,SUPER CRUNCH CORN C. SWEET CORN 55G,9.0,10.0,12.0
4806018403477,REB. TOPPS SARAP CHOCO 10/34G,7.3,10.0,10.0
750515017429,MY SAN FITA CRACKERS 10/30G,5.475,10.0,8.0
750515018402,MY SAN SKY FLAKES 10/25G,5.225,10.0,8.0
123,TANDUAY RHUM LIGHT 750ML ,107.6,1.0,130.0
123,TANDUAY RHUM LIGHT 750ML ,107.6,1.0,130.0
123,TANDUAY RHUM LIGHT 750ML ,107.6,1.0,130.0
123,TANDUAY RHUM LIGHT 750ML ,107.6,1.0,130.0
123,TANDUAY RHUM LIGHT 750ML ,107.6,1.0,130.0
123,TANDUAY RHUM LIGHT 750ML ,107.6,1.0,130.0
4800010064360,HELLO CHOCO WAFER VANILLA 10/15G,5.115,10.0,8.0
4800092552779,REB. DOOWEE DONUTS WHITE CHOCO 10/40G,9.8,10.0,12.0
4800092553226,REB. FUDGEE BARR DARK CHOCO 10,7.55,10.0,10.0
4800092551383,REB. FUDGEE BARR MOCHA 10/42G NBC,7.55,10.0,10.0
4807770101540,NISSIN BINGO CHOCO VANILLA 10/28G+LM CHICKEN 55G FREE,5.725,10.0,8.0
123,TANDUAY RHUM LIGHT 750ML ,107.6,1.0,130.0
123,TANDUAY RHUM LIGHT 750ML ,107.6,1.0,130.0
123,TANDUAY RHUM LIGHT 750ML ,107.6,1.0,130.0
123,TANDUAY RHUM LIGHT 750ML ,107.6,1.0,130.0
123,TANDUAY RHUM LIGHT 750ML ,107.6,1.0,130.0
123,TANDUAY RHUM LIGHT 750ML ,107.6,1.0,130.0
123,TANDUAY RHUM LIGHT 750ML ,107.6,1.0,130.0
123,TANDUAY RHUM LIGHT 750ML ,107.6,1.0,130.0
123,TANDUAY RHUM LIGHT 750ML ,107.6,1.0,130.0
123,TANDUAY RHUM LIGHT 750ML ,107.6,1.0,130.0
4800194117463,OISHI PILLOWS CHOCO 10/24G,6.5,10.0,10.0
123,TANDUAY RHUM LIGHT 750ML ,107.6,1.0,130.0
4808680652757,BF MAYO MAGIC 80ML,23.75,2.0,28.0
4808680027159,BF MAYO MAGIC 220ML DOY PACK,66.0,2.0,77.0
123,TANDUAY RHUM LIGHT 750ML ,107.6,1.0,130.0
4800016671807,PIATTOS SOUR CREAM 40G,15.6,3.0,17.0
123,TANDUAY RHUM LIGHT 750ML ,107.6,1.0,130.0
123,TANDUAY RHUM LIGHT 750ML ,107.6,1.0,130.0
4800194116619,OISHI FISH CRACKERS CURLS 24G,6.7,5.0,8.0
4800194152839,OISHI MARTY'S CRACKLING CHICKEN INASAL 22G,6.7,3.0,8.0
4800194116084,OISHI CRACKLING SALT&VINEGAR CURLS 24G,6.7,5.0,8.0
4800523220116,RICHEE MILK 25G,7.7,3.0,9.0
123,TANDUAY RHUM LIGHT 750ML ,107.6,1.0,130.0
123,TANDUAY RHUM LIGHT 750ML ,107.6,1.0,130.0
4800194152907,OISHI MARTY'S CRACKLIN' SALT & VINEGAR 22G,6.7,3.0,8.0
4800016641503,CHIPPY CHILI&CHIZ BLUE 110G ,23.4,3.0,28.0
4800016653094,MR CHIPS NACHO CHIZ 100G,22.1,3.0,28.0
4800092771118,FUNKY FRENCH FRIES CLASSIC POTATO 25G,5.7,3.0,8.0
4891208040167,OISHI KIRIE YUMMY FLAKES CURLS,6.7,3.0,8.0
4800523220376,PEE WEE PIZZA 25G,7.7,3.0,9.0
6921660700014,VERMICELLLI SOTANGHON 45G (1.6oz),8.0,6.0,12.0
6921660700021,VERMICELLLI SOTANGHON 100G (3.2oz),14.5,3.0,20.0
4800888607119,LC CHICKEN SPREAD 6/27ML,11.35,1.0,16.0
123,TANDUAY RHUM LIGHT 750ML ,107.6,1.0,130.0
4800888260987,LC HAM SPREAD 6/27ML,11.35,1.0,16.0
4800888607096,LC BACON SPREAD 6/27ML,11.35,1.0,16.0
4801668607329,MAFRAN ALL-PURPOSE DRESSING WHITE 200G,16.3,2.0,21.0
4801668606865,MAFRAN ALL-PURPOSE DRESSING PINK 200G,16.3,2.0,21.0
4902430453295,DOWNY F.C GARDEN BLOOM 6/24ML,5.7,12.0,8.0
4902430729925,DOWNY F.C MYSTIQUE 6/20ML,5.7,12.0,8.0
4902430729901,DOWNY F.C PASSION 6/20ML,5.7,12.0,8.0
4902430401845,DOWNY F.C SUNRISE FRESH 6/24ML,5.7,12.0,8.0
4806515161504,KERATIN PLUS BLACK 6/20G,5.875,12.0,10.0
4806515161580,KERATIN PLUS LUX BRAZILLIAN H. TRTMNT 6/20G,5.875,12.0,10.0
4902430951357,SAFEGUARD BATH SOAP PINK 6+1F/60G,19.0,6.0,22.0
4902430945554,SAFEGUARD BATH SOAP WHITE 60G,19.0,6.0,22.0
4800011795331,BIODERM BATH SOAP WHITE PRISTINE 60G,14.8,3.0,20.0
123,TANDUAY RHUM LIGHT 750ML ,107.6,1.0,130.0
8998866606851,WINGS SOLVE POWDER FLORAL FRESH 6/60G,5.9,6.0,8.0
8998866801614,WINGS SOLVE POWDER CALAMANSI 6/65G,5.9,6.0,8.0
4800888151841,SURF POWDER SUN FRESH 6/65G,6.4,6.0,8.0
4800047841040,DEL FABRIC SOFTENER PINK 6/22ML,4.0,12.0,7.0
4800047841378,DEL FABRIC SOFT. LAVENDER BREEZE 6/22ML,4.0,12.0,7.0
4800888221049,SURF POWDER ROSE FRESH 6+1F/50G,6.4,6.0,8.0
4800888221056,SURF POWDER FC CHERRY BLOSSOM 6+1F/75G,6.4,6.0,8.0
8850006325223,COLGATE TP FC SPICY FRESH RED 6/20G TWIN PK,8.3,12.0,12.0
4800047847356,DEL FAB. SOFTENER GENTLE PROTECH 6/26ML,5.1,12.0,8.0
4806515161511,KERATIN PLUS GOLD 11+1F/20G,5.9,22.0,10.0
4800034601664,HAPEE TP EX MENTHOL RED TWN 11+1F/30G,5.781818182,11.0,8.0
4902430831338,TIDE POW. PERFECT CLEAN PF 6/64G,13.5,6.0,17.0
4902430698658,HEAD&SHOULDER SHAM SMOOTH&SILKY 6/12ML,6.4,12.0,8.0
4800888169709,SUNSILK SHAM STRONG&LONG GREEN 6/15ML,5.85,12.0,8.0
4800888139276,CREAM SILK COND. DAMAGE CONTROL BLUE 6/11ML,6.2,12.0,9.0
4800888139283,CREAM SILK COND. HAIR FALL DEFENSE GREEN 6/11ML,6.2,12.0,9.0
4800888169716,SUNSILK SHAM SMOOTH&MANAG PINK 6/15ML,5.85,12.0,8.0
4902430333597,HEAD&SHOULDER SHAM COOL MENTHOL 6/12ML,6.4,12.0,8.0
4902430698146,PANTENE SHAM TOTAL DAMAGE CARE 11+1F/15ML,6.1,11.0,8.0
4902430698085,PANTENE SHAM HAIR FALL CONTROL 6/15ML,6.1,12.0,8.0
4800888139306,CREAM SILK COND. STANDOUT STRAIGHT PNK 6/13ML,6.2,12.0,9.0
4800888158888,REXONA DEO LOTION 6/3ML POWDER DRY,6.75,12.0,10.0
4800888160027,REXONA DEO LOTION 6/3ML MEN ICE COOL,6.75,12.0,10.0
4800888150608,REXONA DEO LOTION 6/3ML WOMEN SHOWER CLEAN,6.75,12.0,10.0
123,TANDUAY RHUM LIGHT 750ML ,107.6,1.0,130.0
4808888004181,PALM SHAM. SILKY STRAIGHT VIOLET 11+1F/15ML,5.6,11.0,8.0
123,TANDUAY RHUM LIGHT 750ML ,107.6,1.0,130.0
123,TANDUAY RHUM LIGHT 750ML ,107.6,1.0,130.0
123,TANDUAY RHUM LIGHT 750ML ,107.6,1.0,130.0
123,TANDUAY RHUM LIGHT 750ML ,107.6,1.0,130.0
123,TANDUAY RHUM LIGHT 750ML ,107.6,1.0,130.0
123,TANDUAY RHUM LIGHT 750ML ,107.6,1.0,130.0
123,TANDUAY RHUM LIGHT 750ML ,107.6,1.0,130.0
4800488011415,CHARMEE NAP. COTTONY W/WINGS ALL TYPE 8,2.39375,8.0,7.0
4800488011484,CHARMEE NAP. NON WINGS ALL TYPES 8,2.11875,8.0,7.0
123,TANDUAY RHUM LIGHT 750ML ,107.6,1.0,130.0
123,TANDUAY RHUM LIGHT 750ML ,107.6,1.0,130.0
48035156,EFFICASCENT OIL EXTRA STRENGTH 25ML,30.4,2.0,35.0
4902430766142,PAMPERS BABY PANTS MEDIUM 16,11.5875,16.0,16.0
4806506319631,LAMPEIN BABY DIAPER LARGE 12,6.833333333,12.0,10.0
4806506319624,LAMPEIN BABY DIAPER MEDIUM 12,6.270833333,12.0,9.0
4902430827881,PAMPERS BABY PANTS SMALL 24,11.60833333,24.0,14.0
4806506319617,LAMPEIN BABY DIAPER SMALL 12,5.6375,12.0,8.0
4806506319648,LAMPEIN BABY DIAPER X-LARGE 12,7.395833333,12.0,12.0
4987176125156,PAMPERS PANTS XL 12,13.20833333,12.0,20.0
4987176125149,PAMPERS PANTS LARGE 14 SVP160,10.65,14.0,18.0
4987176125200,PAMPERS PANTS XXL 22 SVP70,15.22727273,22.0,22.0
123,TANDUAY RHUM LIGHT 750ML ,107.6,1.0,130.0
123,TANDUAY RHUM LIGHT 750ML ,107.6,1.0,130.0
4806506318900,SISTERS NAP OVERNIGHT DRY 3/4 W+PL BP20 FREE,6.625,12.0,10.0
123,TANDUAY RHUM LIGHT 750ML ,107.6,1.0,130.0
123,TANDUAY RHUM LIGHT 750ML ,107.6,1.0,130.0
123,TANDUAY RHUM LIGHT 750ML ,107.6,1.0,130.0
4806506318856,SISTERS NAP SILK FLOSS W/WING N.U BLUE 8,2.84375,8.0,7.0
48032742,JOHNSON POWDER CLASSIC 10/25G+PT,15.65,10.0,20.0
123,TANDUAY RHUM LIGHT 750ML ,107.6,1.0,130.0
123,TANDUAY RHUM LIGHT 750ML ,107.6,1.0,130.0
123,TANDUAY RHUM LIGHT 750ML ,107.6,1.0,130.0
123,TANDUAY RHUM LIGHT 750ML ,107.6,1.0,130.0
123,TANDUAY RHUM LIGHT 750ML ,107.6,1.0,130.0
123,TANDUAY RHUM LIGHT 750ML ,107.6,1.0,130.0
123,TANDUAY RHUM LIGHT 750ML ,107.6,1.0,130.0
123,TANDUAY RHUM LIGHT 750ML ,107.6,1.0,130.0
4902430790338,JOY DISH LIQUID KALAMANSI 6+1F/18.5ML,5.6,12.0,10.0
123,TANDUAY RHUM LIGHT 750ML ,107.6,1.0,130.0
4806502350096,SANICARE COTTON 10GM,5.25,5.0,7.0
4902430800846,TIDE CUT BAR SOAP PERFUME FANTASY 125G,12.75,3.0,15.0
4800045330034,PRIDE CUT BAR WHITE 95GG,6.1,3.0,10.0
4800888147240,CLOSE UP TP MENTHOL FRESH TWIN PACK 6/2/10G,7.75,12.0,10.0
8850006325216,COLGATE TP GREAT REGULAR 6/22G TWIN PACK,8.3,12.0,12.0
4806502350300,JADE BT VALUE 2PLY 280 SHEETS ,8.45,3.0,12.0
4800888136671,SURF CUT BAR FC BLOSSOM FRESH 120G,11.2,3.0,15.0
123,TANDUAY RHUM LIGHT 750ML ,107.6,1.0,130.0
8998866809528,WINGS SOLVE CUT BAR SUPER BLUE 130G,10.3,3.0,13.0
123,TANDUAY RHUM LIGHT 750ML ,107.6,1.0,130.0
123,TANDUAY RHUM LIGHT 750ML ,107.6,1.0,130.0
123,TANDUAY RHUM LIGHT 750ML ,107.6,1.0,130.0
123,TANDUAY RHUM LIGHT 750ML ,107.6,1.0,130.0
4800194112383,OISHI SUNDAYS ORANGE 10/35G,18.4,20.0,23.0
4902430790253,JOY DISH LIQUID LEMONI 6+1F/18.5ML,5.6,12.0,10.0
4800016557217,NISSIN CUP NOODLES SOTANGHON CHICKEN,,,
4800016552113,NISSIN CUP NOODLES SEAFOOD,,,
4800036797976,ATAMI SARDINES 155G HOT,,,
4806503248026,YOUNGSTOWN GREEN,,,
4800527629083,YOUNGSTOWN GREEN,,,
4800016652035,MR CHIPS NACHO CHIZ 26G,,,
4800016642029,CHIPPY RED 25G ,,,
4800016641008,CHIPPY BLUE 27G ,,,
4800092771187,FUNKY CRISSCUT CHEESY FLAVOR,,,
4800092771446,FUNKY CRISSCUT SPAGHETTI FLAVOR,,,
4800216121911,CHEEZY CORN CRUNCH,,,
4800194104869,PATATA,,,
4806521790750,TATTOOS,,,
4806505854416,CHICK BOY TEXAS SMOKED BBQ,,,
4800092553011,REB. DOOWEE DONUTS STRAWBERRY 10/40G,,,
4800010075861,PRESTO CHOCO VANILLA 10/30G,,,
8992760121014,OREO ORIGINAL,,,
4800092551369,REB. FUDGEE BARR VANILLA 10,,,
4800092113260,REB. STRAWBERRY SANDWICH,,,
4800092113246,REB. CREAM SANDWICH,,,
4800361403764,NESCAFE COFFEE ORIG SINGLE,,,
4800016022449,GREAT TASTE COFFEE BROWN BARAKO SINGLE,,,
4800016021039,GREAT TASTE COFFEE WHITE SINGLE,,,
8998666001702,KOPIKO BLACK 3 IN 1 TWIN PACK,,,
8996001410226,KOPIKO BLACK 3 IN 1 SINGLE PACK,,,
4800017927408,RAM SALTED BLACK BEANS 100G,,,
4801958391105,AJI CRISPY FRY SPICY BREADING MIX 62G,,,
8996001440049,ENERGEN CHOCO CEREAL 10/40G,,,
7622210892126,EDEN CHEESE SULIT PACK,,,
4987176078209,DOWNY FRENCH LAVENDER,,,
4800888147288,CLOSE UP TP RED HOT,,,
8998866619967,WINGS SOLVE POWDER SUNSHINE 6/65G,,,
4800888187840,BREEZE ECO CLEAN TECHNOLOGY POWDER (2 LABAHAN),,,
8934868155584,BREEZE LIQUID DETERGENT ANTIBACTERIAL (TWIN),,,
4806501709352,CALLA ROSE GARDEN SINGLE,,,
4806501709109,CALLA FLORAL FRESH SINGLE,,,
4806501705200,CHAMPION SUPRA POWER,,,
4800045310050,PRIDE ANTI BACTERIAL POWDER,,,
4800045360017,PRIDE CALAMANSI JASMINE POWDER,,,
8934868115915,SURF FABRIC CONDITIONER LUXE PERFUME,,,
8934868115908,SURF FABRIC CONDITIONER BLOSSOM FRESH,,,
8934868139362,SURF FABRIC CONDITIONER CHARCOAL FRESH,,,
8934868139393,SURF FABRIC CONDITIONER ANTI BACTERIAL,,,
8934868094982,SURF FABRIC CONDITIONER FRENCH PERFUME,,,
4800011782737,BIODERM BATH SOAP FRESHEN 60G,,,
4902430495066,SAFEGUARD BATH SOAP WHITE 25G,,,
4902430698078,REJOICE 3 IN 1 ,,,
8850006536063,GUARD SHAMPOO REFRESHING MENTHOL,,,
8850006933060,GUARD SHAMPOO ANTI HAIRFALL,,,
4800888212900,DOVE SHAMPOO CERAMIDE INTENSE REPAIR,,,
4800047840548,ZONROX FLORAL 100ML,,,
4800047840296,ZONROX LEMON 100ML,,,
4800047840043,ZONROX ORIGINAL 100ML,,,
4800047840234,ZONROX FRESH 100ML,,,
4800047841781,ZONROX COLOR SAFE 95ML,,,
123,TANDUAY RHUM LIGHT 750ML ,107.6,1.0,130.0
4806502350010,SANICARE COTTON BUDS,,,
6930996000132,MEDICARE BAND AIDE,,,
4800067126899,CLEENE ETHYL ALCOHOL,,,
4800047820250,GREENCROSS ISOPROPHYL 60ML,,,
4987176022844,WHISPER SUPER CLEAN AND DRY,,,
4800045330072,PRIDE BAR POWER WHITENER,,,
4800045380909,PRIDE BAR POWER SAKURA BLOSSOM,,,
4800045330058,PRIDE BAR POWER CALAMSI JASMINE,,,
4902430178228,PERLA ORIGINAL BLUE,,,
123123,Test,1.0,10,1.0
123123123,test,1.0,0.0,1.0
123000123,test123,1.0,29.0,1.0
1230000123,ttttest,1.0,0.0,1.0
